Year,Forecasted EVs
2024,84076.42370697153
2025,129363.70524066135
2026,199044.72021691187
2027,306259.01270007755
2028,471223.6665097778
2029,725045.5812589459
